settlement_date,settlement_period,system_buy_price_gbp_per_mwh,system_sell_price_gbp_per_mwh,from_uk_naive,to_uk_naive,price_gbp_per_mwh
2026-06-22,1,111.19,111.19,2026-06-22 00:00:00,2026-06-22 00:30:00,111.19
2026-06-22,2,108.63,108.63,2026-06-22 00:30:00,2026-06-22 01:00:00,108.63
2026-06-22,3,104.94,104.94,2026-06-22 01:00:00,2026-06-22 01:30:00,104.94
2026-06-22,4,100.83,100.83,2026-06-22 01:30:00,2026-06-22 02:00:00,100.83
2026-06-22,5,81.33,81.33,2026-06-22 02:00:00,2026-06-22 02:30:00,81.33
2026-06-22,6,81.33,81.33,2026-06-22 02:30:00,2026-06-22 03:00:00,81.33
2026-06-22,7,81.33,81.33,2026-06-22 03:00:00,2026-06-22 03:30:00,81.33
2026-06-22,8,81.33,81.33,2026-06-22 03:30:00,2026-06-22 04:00:00,81.33
2026-06-22,9,81.34,81.34,2026-06-22 04:00:00,2026-06-22 04:30:00,81.34
2026-06-22,10,81.34,81.34,2026-06-22 04:30:00,2026-06-22 05:00:00,81.34
2026-06-22,11,81.34,81.34,2026-06-22 05:00:00,2026-06-22 05:30:00,81.34
2026-06-22,12,81.34,81.34,2026-06-22 05:30:00,2026-06-22 06:00:00,81.34
2026-06-22,13,81.36,81.36,2026-06-22 06:00:00,2026-06-22 06:30:00,81.36
2026-06-22,14,81.36,81.36,2026-06-22 06:30:00,2026-06-22 07:00:00,81.36
2026-06-22,15,81.36,81.36,2026-06-22 07:00:00,2026-06-22 07:30:00,81.36
2026-06-22,16,81.34,81.34,2026-06-22 07:30:00,2026-06-22 08:00:00,81.34
2026-06-22,17,81.31,81.31,2026-06-22 08:00:00,2026-06-22 08:30:00,81.31
2026-06-22,18,81.04,81.04,2026-06-22 08:30:00,2026-06-22 09:00:00,81.04
2026-06-22,19,81.01,81.01,2026-06-22 09:00:00,2026-06-22 09:30:00,81.01
2026-06-22,20,74.8,74.8,2026-06-22 09:30:00,2026-06-22 10:00:00,74.8
2026-06-22,21,73.11,73.11,2026-06-22 10:00:00,2026-06-22 10:30:00,73.11
2026-06-22,22,74.8,74.8,2026-06-22 10:30:00,2026-06-22 11:00:00,74.8
2026-06-22,23,78.0,78.0,2026-06-22 11:00:00,2026-06-22 11:30:00,78.0
2026-06-22,24,64.3,64.3,2026-06-22 11:30:00,2026-06-22 12:00:00,64.3
2026-06-22,25,60.0,60.0,2026-06-22 12:00:00,2026-06-22 12:30:00,60.0
2026-06-22,26,60.0,60.0,2026-06-22 12:30:00,2026-06-22 13:00:00,60.0
2026-06-22,27,55.0,55.0,2026-06-22 13:00:00,2026-06-22 13:30:00,55.0
2026-06-22,28,40.0,40.0,2026-06-22 13:30:00,2026-06-22 14:00:00,40.0
2026-06-22,29,69.3,69.3,2026-06-22 14:00:00,2026-06-22 14:30:00,69.3
2026-06-22,30,10.0,10.0,2026-06-22 14:30:00,2026-06-22 15:00:00,10.0
2026-06-22,31,109.0,109.0,2026-06-22 15:00:00,2026-06-22 15:30:00,109.0
2026-06-22,32,81.05,81.05,2026-06-22 15:30:00,2026-06-22 16:00:00,81.05
2026-06-22,33,172.0,172.0,2026-06-22 16:00:00,2026-06-22 16:30:00,172.0
2026-06-22,34,172.0,172.0,2026-06-22 16:30:00,2026-06-22 17:00:00,172.0
2026-06-22,35,173.0,173.0,2026-06-22 17:00:00,2026-06-22 17:30:00,173.0
2026-06-22,36,174.0,174.0,2026-06-22 17:30:00,2026-06-22 18:00:00,174.0
2026-06-22,37,174.0,174.0,2026-06-22 18:00:00,2026-06-22 18:30:00,174.0
2026-06-22,38,173.0,173.0,2026-06-22 18:30:00,2026-06-22 19:00:00,173.0
2026-06-22,39,184.44,184.44,2026-06-22 19:00:00,2026-06-22 19:30:00,184.44
2026-06-22,40,173.0,173.0,2026-06-22 19:30:00,2026-06-22 20:00:00,173.0
2026-06-22,41,174.0,174.0,2026-06-22 20:00:00,2026-06-22 20:30:00,174.0
2026-06-22,42,114.7,114.7,2026-06-22 20:30:00,2026-06-22 21:00:00,114.7
2026-06-22,43,112.38582817678706,112.38582817678706,2026-06-22 21:00:00,2026-06-22 21:30:00,112.38582817678706
2026-06-22,44,174.0,174.0,2026-06-22 21:30:00,2026-06-22 22:00:00,174.0
2026-06-22,45,105.0,105.0,2026-06-22 22:00:00,2026-06-22 22:30:00,105.0
2026-06-22,46,90.0,90.0,2026-06-22 22:30:00,2026-06-22 23:00:00,90.0
2026-06-22,47,147.0,147.0,2026-06-22 23:00:00,2026-06-22 23:30:00,147.0
2026-06-22,48,84.0,84.0,2026-06-22 23:30:00,2026-06-23 00:00:00,84.0
2026-06-23,1,82.05,82.05,2026-06-23 00:00:00,2026-06-23 00:30:00,82.05
2026-06-23,2,81.65,81.65,2026-06-23 00:30:00,2026-06-23 01:00:00,81.65
2026-06-23,3,81.65,81.65,2026-06-23 01:00:00,2026-06-23 01:30:00,81.65
2026-06-23,4,84.0,84.0,2026-06-23 01:30:00,2026-06-23 02:00:00,84.0
2026-06-23,5,124.96634235410296,124.96634235410296,2026-06-23 02:00:00,2026-06-23 02:30:00,124.96634235410296
2026-06-23,6,124.59,124.59,2026-06-23 02:30:00,2026-06-23 03:00:00,124.59
2026-06-23,7,125.0,125.0,2026-06-23 03:00:00,2026-06-23 03:30:00,125.0
2026-06-23,8,101.88,101.88,2026-06-23 03:30:00,2026-06-23 04:00:00,101.88
2026-06-23,9,107.3,107.3,2026-06-23 04:00:00,2026-06-23 04:30:00,107.3
2026-06-23,10,88.7,88.7,2026-06-23 04:30:00,2026-06-23 05:00:00,88.7
2026-06-23,11,91.81677115324592,91.81677115324592,2026-06-23 05:00:00,2026-06-23 05:30:00,91.81677115324592
2026-06-23,12,98.03551704342976,98.03551704342976,2026-06-23 05:30:00,2026-06-23 06:00:00,98.03551704342976
2026-06-23,13,95.0122285253769,95.0122285253769,2026-06-23 06:00:00,2026-06-23 06:30:00,95.0122285253769
2026-06-23,14,101.7,101.7,2026-06-23 06:30:00,2026-06-23 07:00:00,101.7
2026-06-23,15,82.05,82.05,2026-06-23 07:00:00,2026-06-23 07:30:00,82.05
2026-06-23,16,82.05,82.05,2026-06-23 07:30:00,2026-06-23 08:00:00,82.05
2026-06-23,17,147.1537912715167,147.1537912715167,2026-06-23 08:00:00,2026-06-23 08:30:00,147.1537912715167
2026-06-23,18,116.06,116.06,2026-06-23 08:30:00,2026-06-23 09:00:00,116.06
2026-06-23,19,81.65,81.65,2026-06-23 09:00:00,2026-06-23 09:30:00,81.65
2026-06-23,20,81.04,81.04,2026-06-23 09:30:00,2026-06-23 10:00:00,81.04
2026-06-23,21,78.68,78.68,2026-06-23 10:00:00,2026-06-23 10:30:00,78.68
2026-06-23,22,80.76,80.76,2026-06-23 10:30:00,2026-06-23 11:00:00,80.76
2026-06-23,23,106.94,106.94,2026-06-23 11:00:00,2026-06-23 11:30:00,106.94
2026-06-23,24,80.22,80.22,2026-06-23 11:30:00,2026-06-23 12:00:00,80.22
2026-06-23,25,81.03,81.03,2026-06-23 12:00:00,2026-06-23 12:30:00,81.03
2026-06-23,26,81.01,81.01,2026-06-23 12:30:00,2026-06-23 13:00:00,81.01
2026-06-23,27,81.04,81.04,2026-06-23 13:00:00,2026-06-23 13:30:00,81.04
2026-06-23,28,82.11,82.11,2026-06-23 13:30:00,2026-06-23 14:00:00,82.11
2026-06-23,29,95.51,95.51,2026-06-23 14:00:00,2026-06-23 14:30:00,95.51
2026-06-23,30,81.06,81.06,2026-06-23 14:30:00,2026-06-23 15:00:00,81.06
2026-06-23,31,81.06,81.06,2026-06-23 15:00:00,2026-06-23 15:30:00,81.06
2026-06-23,32,78.56,78.56,2026-06-23 15:30:00,2026-06-23 16:00:00,78.56
2026-06-23,33,180.0,180.0,2026-06-23 16:00:00,2026-06-23 16:30:00,180.0
2026-06-23,34,159.0,159.0,2026-06-23 16:30:00,2026-06-23 17:00:00,159.0
2026-06-23,35,223.93,223.93,2026-06-23 17:00:00,2026-06-23 17:30:00,223.93
2026-06-23,36,224.38,224.38,2026-06-23 17:30:00,2026-06-23 18:00:00,224.38
2026-06-23,37,454.5,454.5,2026-06-23 18:00:00,2026-06-23 18:30:00,454.5
2026-06-23,38,470.87,470.87,2026-06-23 18:30:00,2026-06-23 19:00:00,470.87
2026-06-23,39,720.9,720.9,2026-06-23 19:00:00,2026-06-23 19:30:00,720.9
2026-06-23,40,770.05,770.05,2026-06-23 19:30:00,2026-06-23 20:00:00,770.05
2026-06-23,41,789.0385562708333,789.0385562708333,2026-06-23 20:00:00,2026-06-23 20:30:00,789.0385562708333
2026-06-23,42,800.0,800.0,2026-06-23 20:30:00,2026-06-23 21:00:00,800.0
2026-06-23,43,550.0,550.0,2026-06-23 21:00:00,2026-06-23 21:30:00,550.0
2026-06-23,44,528.04,528.04,2026-06-23 21:30:00,2026-06-23 22:00:00,528.04
2026-06-23,45,329.08,329.08,2026-06-23 22:00:00,2026-06-23 22:30:00,329.08
2026-06-23,46,226.68,226.68,2026-06-23 22:30:00,2026-06-23 23:00:00,226.68
2026-06-23,47,190.0,190.0,2026-06-23 23:00:00,2026-06-23 23:30:00,190.0
2026-06-23,48,200.0,200.0,2026-06-23 23:30:00,2026-06-24 00:00:00,200.0
2026-06-24,1,95.91,95.91,2026-06-24 00:00:00,2026-06-24 00:30:00,95.91
2026-06-24,2,154.81,154.81,2026-06-24 00:30:00,2026-06-24 01:00:00,154.81
2026-06-24,3,125.88,125.88,2026-06-24 01:00:00,2026-06-24 01:30:00,125.88
2026-06-24,4,129.32,129.32,2026-06-24 01:30:00,2026-06-24 02:00:00,129.32
2026-06-24,5,133.17,133.17,2026-06-24 02:00:00,2026-06-24 02:30:00,133.17
2026-06-24,6,86.89,86.89,2026-06-24 02:30:00,2026-06-24 03:00:00,86.89
2026-06-24,7,155.08,155.08,2026-06-24 03:00:00,2026-06-24 03:30:00,155.08
2026-06-24,8,117.5,117.5,2026-06-24 03:30:00,2026-06-24 04:00:00,117.5
2026-06-24,9,157.58,157.58,2026-06-24 04:00:00,2026-06-24 04:30:00,157.58
2026-06-24,10,155.0,155.0,2026-06-24 04:30:00,2026-06-24 05:00:00,155.0
2026-06-24,11,128.82,128.82,2026-06-24 05:00:00,2026-06-24 05:30:00,128.82
2026-06-24,12,102.4,102.4,2026-06-24 05:30:00,2026-06-24 06:00:00,102.4
2026-06-24,13,87.93786218015394,87.93786218015394,2026-06-24 06:00:00,2026-06-24 06:30:00,87.93786218015394
2026-06-24,14,81.33,81.33,2026-06-24 06:30:00,2026-06-24 07:00:00,81.33
2026-06-24,15,70.0,70.0,2026-06-24 07:00:00,2026-06-24 07:30:00,70.0
2026-06-24,16,81.33,81.33,2026-06-24 07:30:00,2026-06-24 08:00:00,81.33
2026-06-24,17,89.36,89.36,2026-06-24 08:00:00,2026-06-24 08:30:00,89.36
2026-06-24,18,81.33,81.33,2026-06-24 08:30:00,2026-06-24 09:00:00,81.33
2026-06-24,19,91.10290374463891,91.10290374463891,2026-06-24 09:00:00,2026-06-24 09:30:00,91.10290374463891
2026-06-24,20,81.33,81.33,2026-06-24 09:30:00,2026-06-24 10:00:00,81.33
2026-06-24,21,78.0,78.0,2026-06-24 10:00:00,2026-06-24 10:30:00,78.0
2026-06-24,22,77.0,77.0,2026-06-24 10:30:00,2026-06-24 11:00:00,77.0
2026-06-24,23,78.0,78.0,2026-06-24 11:00:00,2026-06-24 11:30:00,78.0
2026-06-24,24,77.0,77.0,2026-06-24 11:30:00,2026-06-24 12:00:00,77.0
2026-06-24,25,107.0,107.0,2026-06-24 12:00:00,2026-06-24 12:30:00,107.0
2026-06-24,26,79.1,79.1,2026-06-24 12:30:00,2026-06-24 13:00:00,79.1
2026-06-24,27,69.9896,69.9896,2026-06-24 13:00:00,2026-06-24 13:30:00,69.9896
2026-06-24,28,65.45025641025642,65.45025641025642,2026-06-24 13:30:00,2026-06-24 14:00:00,65.45025641025642
2026-06-24,29,72.0,72.0,2026-06-24 14:00:00,2026-06-24 14:30:00,72.0
2026-06-24,30,74.13,74.13,2026-06-24 14:30:00,2026-06-24 15:00:00,74.13
2026-06-24,31,101.45,101.45,2026-06-24 15:00:00,2026-06-24 15:30:00,101.45
2026-06-24,32,84.8,84.8,2026-06-24 15:30:00,2026-06-24 16:00:00,84.8
2026-06-24,33,1.0,1.0,2026-06-24 16:00:00,2026-06-24 16:30:00,1.0
2026-06-24,34,10.0,10.0,2026-06-24 16:30:00,2026-06-24 17:00:00,10.0
2026-06-24,35,81.5,81.5,2026-06-24 17:00:00,2026-06-24 17:30:00,81.5
2026-06-24,36,81.55,81.55,2026-06-24 17:30:00,2026-06-24 18:00:00,81.55
2026-06-24,37,101.07,101.07,2026-06-24 18:00:00,2026-06-24 18:30:00,101.07
2026-06-24,38,317.0,317.0,2026-06-24 18:30:00,2026-06-24 19:00:00,317.0
2026-06-24,39,129.45530365930233,129.45530365930233,2026-06-24 19:00:00,2026-06-24 19:30:00,129.45530365930233
2026-06-24,40,132.32,132.32,2026-06-24 19:30:00,2026-06-24 20:00:00,132.32
2026-06-24,41,125.0,125.0,2026-06-24 20:00:00,2026-06-24 20:30:00,125.0
2026-06-24,42,121.56,121.56,2026-06-24 20:30:00,2026-06-24 21:00:00,121.56
2026-06-24,43,111.0,111.0,2026-06-24 21:00:00,2026-06-24 21:30:00,111.0
2026-06-24,44,104.5,104.5,2026-06-24 21:30:00,2026-06-24 22:00:00,104.5
2026-06-24,45,253.65,253.65,2026-06-24 22:00:00,2026-06-24 22:30:00,253.65
2026-06-24,46,101.07,101.07,2026-06-24 22:30:00,2026-06-24 23:00:00,101.07
2026-06-24,47,169.86,169.86,2026-06-24 23:00:00,2026-06-24 23:30:00,169.86
2026-06-24,48,163.89,163.89,2026-06-24 23:30:00,2026-06-25 00:00:00,163.89
2026-06-25,1,180.0,180.0,2026-06-25 00:00:00,2026-06-25 00:30:00,180.0
2026-06-25,2,93.43452167191465,93.43452167191465,2026-06-25 00:30:00,2026-06-25 01:00:00,93.43452167191465
2026-06-25,3,93.51551338376682,93.51551338376682,2026-06-25 01:00:00,2026-06-25 01:30:00,93.51551338376682
2026-06-25,4,91.4,91.4,2026-06-25 01:30:00,2026-06-25 02:00:00,91.4
2026-06-25,5,136.98,136.98,2026-06-25 02:00:00,2026-06-25 02:30:00,136.98
2026-06-25,6,81.61,81.61,2026-06-25 02:30:00,2026-06-25 03:00:00,81.61
2026-06-25,7,81.61,81.61,2026-06-25 03:00:00,2026-06-25 03:30:00,81.61
2026-06-25,8,81.61,81.61,2026-06-25 03:30:00,2026-06-25 04:00:00,81.61
2026-06-25,9,138.85,138.85,2026-06-25 04:00:00,2026-06-25 04:30:00,138.85
2026-06-25,10,95.09,95.09,2026-06-25 04:30:00,2026-06-25 05:00:00,95.09
2026-06-25,11,129.98,129.98,2026-06-25 05:00:00,2026-06-25 05:30:00,129.98
2026-06-25,12,131.95,131.95,2026-06-25 05:30:00,2026-06-25 06:00:00,131.95
2026-06-25,13,135.8,135.8,2026-06-25 06:00:00,2026-06-25 06:30:00,135.8
2026-06-25,14,93.13,93.13,2026-06-25 06:30:00,2026-06-25 07:00:00,93.13
2026-06-25,15,81.61,81.61,2026-06-25 07:00:00,2026-06-25 07:30:00,81.61
2026-06-25,16,89.25,89.25,2026-06-25 07:30:00,2026-06-25 08:00:00,89.25
2026-06-25,17,87.2,87.2,2026-06-25 08:00:00,2026-06-25 08:30:00,87.2
2026-06-25,18,124.5,124.5,2026-06-25 08:30:00,2026-06-25 09:00:00,124.5
2026-06-25,19,81.61,81.61,2026-06-25 09:00:00,2026-06-25 09:30:00,81.61
2026-06-25,20,81.61,81.61,2026-06-25 09:30:00,2026-06-25 10:00:00,81.61
2026-06-25,21,109.89,109.89,2026-06-25 10:00:00,2026-06-25 10:30:00,109.89
2026-06-25,22,112.3,112.3,2026-06-25 10:30:00,2026-06-25 11:00:00,112.3
2026-06-25,23,112.0,112.0,2026-06-25 11:00:00,2026-06-25 11:30:00,112.0
2026-06-25,24,115.4,115.4,2026-06-25 11:30:00,2026-06-25 12:00:00,115.4
2026-06-25,25,112.0,112.0,2026-06-25 12:00:00,2026-06-25 12:30:00,112.0
2026-06-25,26,133.31,133.31,2026-06-25 12:30:00,2026-06-25 13:00:00,133.31
2026-06-25,27,75.0,75.0,2026-06-25 13:00:00,2026-06-25 13:30:00,75.0
2026-06-25,28,112.44,112.44,2026-06-25 13:30:00,2026-06-25 14:00:00,112.44
2026-06-25,29,112.0,112.0,2026-06-25 14:00:00,2026-06-25 14:30:00,112.0
2026-06-25,30,75.0,75.0,2026-06-25 14:30:00,2026-06-25 15:00:00,75.0
2026-06-25,31,76.0,76.0,2026-06-25 15:00:00,2026-06-25 15:30:00,76.0
2026-06-25,32,79.1,79.1,2026-06-25 15:30:00,2026-06-25 16:00:00,79.1
2026-06-25,33,81.03,81.03,2026-06-25 16:00:00,2026-06-25 16:30:00,81.03
2026-06-25,34,103.2,103.2,2026-06-25 16:30:00,2026-06-25 17:00:00,103.2
2026-06-25,35,79.2,79.2,2026-06-25 17:00:00,2026-06-25 17:30:00,79.2
2026-06-25,36,79.2,79.2,2026-06-25 17:30:00,2026-06-25 18:00:00,79.2
2026-06-25,37,90.08,90.08,2026-06-25 18:00:00,2026-06-25 18:30:00,90.08
2026-06-25,38,90.54,90.54,2026-06-25 18:30:00,2026-06-25 19:00:00,90.54
2026-06-25,39,148.93,148.93,2026-06-25 19:00:00,2026-06-25 19:30:00,148.93
2026-06-25,40,93.45,93.45,2026-06-25 19:30:00,2026-06-25 20:00:00,93.45
2026-06-25,41,96.54,96.54,2026-06-25 20:00:00,2026-06-25 20:30:00,96.54
2026-06-25,42,77.4,77.4,2026-06-25 20:30:00,2026-06-25 21:00:00,77.4
2026-06-25,43,164.87,164.87,2026-06-25 21:00:00,2026-06-25 21:30:00,164.87
2026-06-25,44,165.9,165.9,2026-06-25 21:30:00,2026-06-25 22:00:00,165.9
2026-06-25,45,77.1,77.1,2026-06-25 22:00:00,2026-06-25 22:30:00,77.1
2026-06-25,46,129.15,129.15,2026-06-25 22:30:00,2026-06-25 23:00:00,129.15
2026-06-25,47,120.23,120.23,2026-06-25 23:00:00,2026-06-25 23:30:00,120.23
2026-06-25,48,119.9,119.9,2026-06-25 23:30:00,2026-06-26 00:00:00,119.9
2026-06-26,1,119.62,119.62,2026-06-26 00:00:00,2026-06-26 00:30:00,119.62
2026-06-26,2,126.97,126.97,2026-06-26 00:30:00,2026-06-26 01:00:00,126.97
2026-06-26,3,134.0,134.0,2026-06-26 01:00:00,2026-06-26 01:30:00,134.0
2026-06-26,4,132.5,132.5,2026-06-26 01:30:00,2026-06-26 02:00:00,132.5
2026-06-26,5,104.58,104.58,2026-06-26 02:00:00,2026-06-26 02:30:00,104.58
2026-06-26,6,128.68,128.68,2026-06-26 02:30:00,2026-06-26 03:00:00,128.68
2026-06-26,7,128.0,128.0,2026-06-26 03:00:00,2026-06-26 03:30:00,128.0
2026-06-26,8,139.8,139.8,2026-06-26 03:30:00,2026-06-26 04:00:00,139.8
2026-06-26,9,143.0,143.0,2026-06-26 04:00:00,2026-06-26 04:30:00,143.0
2026-06-26,10,143.0,143.0,2026-06-26 04:30:00,2026-06-26 05:00:00,143.0
2026-06-26,11,84.01,84.01,2026-06-26 05:00:00,2026-06-26 05:30:00,84.01
2026-06-26,12,81.65,81.65,2026-06-26 05:30:00,2026-06-26 06:00:00,81.65
2026-06-26,13,77.46,77.46,2026-06-26 06:00:00,2026-06-26 06:30:00,77.46
2026-06-26,14,95.0,95.0,2026-06-26 06:30:00,2026-06-26 07:00:00,95.0
2026-06-26,15,77.0,77.0,2026-06-26 07:00:00,2026-06-26 07:30:00,77.0
2026-06-26,16,77.2,77.2,2026-06-26 07:30:00,2026-06-26 08:00:00,77.2
2026-06-26,17,77.0,77.0,2026-06-26 08:00:00,2026-06-26 08:30:00,77.0
2026-06-26,18,75.0,75.0,2026-06-26 08:30:00,2026-06-26 09:00:00,75.0
2026-06-26,19,77.2,77.2,2026-06-26 09:00:00,2026-06-26 09:30:00,77.2
2026-06-26,20,69.38,69.38,2026-06-26 09:30:00,2026-06-26 10:00:00,69.38
2026-06-26,21,68.0,68.0,2026-06-26 10:00:00,2026-06-26 10:30:00,68.0
2026-06-26,22,77.2,77.2,2026-06-26 10:30:00,2026-06-26 11:00:00,77.2
2026-06-26,23,104.0,104.0,2026-06-26 11:00:00,2026-06-26 11:30:00,104.0
2026-06-26,24,110.0,110.0,2026-06-26 11:30:00,2026-06-26 12:00:00,110.0
2026-06-26,25,104.0,104.0,2026-06-26 12:00:00,2026-06-26 12:30:00,104.0
2026-06-26,26,114.0,114.0,2026-06-26 12:30:00,2026-06-26 13:00:00,114.0
2026-06-26,27,114.0,114.0,2026-06-26 13:00:00,2026-06-26 13:30:00,114.0
2026-06-26,28,114.0,114.0,2026-06-26 13:30:00,2026-06-26 14:00:00,114.0
2026-06-26,29,103.9,103.9,2026-06-26 14:00:00,2026-06-26 14:30:00,103.9
2026-06-26,30,65.49085404928842,65.49085404928842,2026-06-26 14:30:00,2026-06-26 15:00:00,65.49085404928842
2026-06-26,31,165.0,165.0,2026-06-26 15:00:00,2026-06-26 15:30:00,165.0
2026-06-26,32,165.0,165.0,2026-06-26 15:30:00,2026-06-26 16:00:00,165.0
2026-06-26,33,165.0,165.0,2026-06-26 16:00:00,2026-06-26 16:30:00,165.0
2026-06-26,34,165.0,165.0,2026-06-26 16:30:00,2026-06-26 17:00:00,165.0
2026-06-26,35,125.41,125.41,2026-06-26 17:00:00,2026-06-26 17:30:00,125.41
2026-06-26,36,125.41,125.41,2026-06-26 17:30:00,2026-06-26 18:00:00,125.41
2026-06-26,37,155.13,155.13,2026-06-26 18:00:00,2026-06-26 18:30:00,155.13
2026-06-26,38,158.24,158.24,2026-06-26 18:30:00,2026-06-26 19:00:00,158.24
2026-06-26,39,185.35,185.35,2026-06-26 19:00:00,2026-06-26 19:30:00,185.35
2026-06-26,40,193.42,193.42,2026-06-26 19:30:00,2026-06-26 20:00:00,193.42
2026-06-26,41,175.06,175.06,2026-06-26 20:00:00,2026-06-26 20:30:00,175.06
2026-06-26,42,167.7,167.7,2026-06-26 20:30:00,2026-06-26 21:00:00,167.7
2026-06-26,43,87.91,87.91,2026-06-26 21:00:00,2026-06-26 21:30:00,87.91
2026-06-26,44,79.69,79.69,2026-06-26 21:30:00,2026-06-26 22:00:00,79.69
2026-06-26,45,77.65,77.65,2026-06-26 22:00:00,2026-06-26 22:30:00,77.65
2026-06-26,46,78.67357027590093,78.67357027590093,2026-06-26 22:30:00,2026-06-26 23:00:00,78.67357027590093
2026-06-26,47,76.0,76.0,2026-06-26 23:00:00,2026-06-26 23:30:00,76.0
2026-06-26,48,122.13,122.13,2026-06-26 23:30:00,2026-06-27 00:00:00,122.13
2026-06-27,1,84.98,84.98,2026-06-27 00:00:00,2026-06-27 00:30:00,84.98
2026-06-27,2,78.35,78.35,2026-06-27 00:30:00,2026-06-27 01:00:00,78.35
2026-06-27,3,102.5,102.5,2026-06-27 01:00:00,2026-06-27 01:30:00,102.5
2026-06-27,4,98.6,98.6,2026-06-27 01:30:00,2026-06-27 02:00:00,98.6
2026-06-27,5,101.28,101.28,2026-06-27 02:00:00,2026-06-27 02:30:00,101.28
2026-06-27,6,100.52,100.52,2026-06-27 02:30:00,2026-06-27 03:00:00,100.52
2026-06-27,7,76.46254301822097,76.46254301822097,2026-06-27 03:00:00,2026-06-27 03:30:00,76.46254301822097
2026-06-27,8,70.83,70.83,2026-06-27 03:30:00,2026-06-27 04:00:00,70.83
2026-06-27,9,97.77,97.77,2026-06-27 04:00:00,2026-06-27 04:30:00,97.77
2026-06-27,10,98.77,98.77,2026-06-27 04:30:00,2026-06-27 05:00:00,98.77
2026-06-27,11,94.3,94.3,2026-06-27 05:00:00,2026-06-27 05:30:00,94.3
2026-06-27,12,129.0,129.0,2026-06-27 05:30:00,2026-06-27 06:00:00,129.0
2026-06-27,13,132.0,132.0,2026-06-27 06:00:00,2026-06-27 06:30:00,132.0
2026-06-27,14,132.0,132.0,2026-06-27 06:30:00,2026-06-27 07:00:00,132.0
2026-06-27,15,119.0,119.0,2026-06-27 07:00:00,2026-06-27 07:30:00,119.0
2026-06-27,16,119.0,119.0,2026-06-27 07:30:00,2026-06-27 08:00:00,119.0
2026-06-27,17,24.18277304297439,24.18277304297439,2026-06-27 08:00:00,2026-06-27 08:30:00,24.18277304297439
2026-06-27,18,1.6507693370195953,1.6507693370195953,2026-06-27 08:30:00,2026-06-27 09:00:00,1.6507693370195953
2026-06-27,19,119.0,119.0,2026-06-27 09:00:00,2026-06-27 09:30:00,119.0
2026-06-27,20,13.71,13.71,2026-06-27 09:30:00,2026-06-27 10:00:00,13.71
2026-06-27,21,4.53,4.53,2026-06-27 10:00:00,2026-06-27 10:30:00,4.53
2026-06-27,22,47.65,47.65,2026-06-27 10:30:00,2026-06-27 11:00:00,47.65
2026-06-27,23,4.990757079283612,4.990757079283612,2026-06-27 11:00:00,2026-06-27 11:30:00,4.990757079283612
2026-06-27,24,5.9,5.9,2026-06-27 11:30:00,2026-06-27 12:00:00,5.9
2026-06-27,25,26.66,26.66,2026-06-27 12:00:00,2026-06-27 12:30:00,26.66
2026-06-27,26,24.12,24.12,2026-06-27 12:30:00,2026-06-27 13:00:00,24.12
2026-06-27,27,-1.0329823808858247,-1.0329823808858247,2026-06-27 13:00:00,2026-06-27 13:30:00,-1.0329823808858247
2026-06-27,28,0.0,0.0,2026-06-27 13:30:00,2026-06-27 14:00:00,0.0
2026-06-27,29,19.474808258076198,19.474808258076198,2026-06-27 14:00:00,2026-06-27 14:30:00,19.474808258076198
2026-06-27,30,48.5,48.5,2026-06-27 14:30:00,2026-06-27 15:00:00,48.5
2026-06-27,31,59.75,59.75,2026-06-27 15:00:00,2026-06-27 15:30:00,59.75
2026-06-27,32,115.7,115.7,2026-06-27 15:30:00,2026-06-27 16:00:00,115.7
2026-06-27,33,118.0,118.0,2026-06-27 16:00:00,2026-06-27 16:30:00,118.0
2026-06-27,34,108.08,108.08,2026-06-27 16:30:00,2026-06-27 17:00:00,108.08
2026-06-27,35,120.51,120.51,2026-06-27 17:00:00,2026-06-27 17:30:00,120.51
2026-06-27,36,118.36,118.36,2026-06-27 17:30:00,2026-06-27 18:00:00,118.36
2026-06-27,37,81.01,81.01,2026-06-27 18:00:00,2026-06-27 18:30:00,81.01
2026-06-27,38,138.0,138.0,2026-06-27 18:30:00,2026-06-27 19:00:00,138.0
2026-06-27,39,107.35,107.35,2026-06-27 19:00:00,2026-06-27 19:30:00,107.35
2026-06-27,40,129.0,129.0,2026-06-27 19:30:00,2026-06-27 20:00:00,129.0
2026-06-27,41,140.0,140.0,2026-06-27 20:00:00,2026-06-27 20:30:00,140.0
2026-06-27,42,137.53,137.53,2026-06-27 20:30:00,2026-06-27 21:00:00,137.53
2026-06-27,43,121.0,121.0,2026-06-27 21:00:00,2026-06-27 21:30:00,121.0
2026-06-27,44,90.0,90.0,2026-06-27 21:30:00,2026-06-27 22:00:00,90.0
2026-06-27,45,70.56813344875876,70.56813344875876,2026-06-27 22:00:00,2026-06-27 22:30:00,70.56813344875876
2026-06-27,46,48.5,48.5,2026-06-27 22:30:00,2026-06-27 23:00:00,48.5
2026-06-27,47,48.5,48.5,2026-06-27 23:00:00,2026-06-27 23:30:00,48.5
2026-06-27,48,77.7,77.7,2026-06-27 23:30:00,2026-06-28 00:00:00,77.7
2026-06-28,1,77.7,77.7,2026-06-28 00:00:00,2026-06-28 00:30:00,77.7
2026-06-28,2,77.7,77.7,2026-06-28 00:30:00,2026-06-28 01:00:00,77.7
2026-06-28,3,115.6303788327904,115.6303788327904,2026-06-28 01:00:00,2026-06-28 01:30:00,115.6303788327904
2026-06-28,4,120.0,120.0,2026-06-28 01:30:00,2026-06-28 02:00:00,120.0
2026-06-28,5,117.7,117.7,2026-06-28 02:00:00,2026-06-28 02:30:00,117.7
2026-06-28,6,62.05,62.05,2026-06-28 02:30:00,2026-06-28 03:00:00,62.05
2026-06-28,7,120.0,120.0,2026-06-28 03:00:00,2026-06-28 03:30:00,120.0
2026-06-28,8,122.9,122.9,2026-06-28 03:30:00,2026-06-28 04:00:00,122.9
2026-06-28,9,122.9,122.9,2026-06-28 04:00:00,2026-06-28 04:30:00,122.9
2026-06-28,10,122.9,122.9,2026-06-28 04:30:00,2026-06-28 05:00:00,122.9
2026-06-28,11,120.0,120.0,2026-06-28 05:00:00,2026-06-28 05:30:00,120.0
2026-06-28,12,119.89,119.89,2026-06-28 05:30:00,2026-06-28 06:00:00,119.89
2026-06-28,13,119.0,119.0,2026-06-28 06:00:00,2026-06-28 06:30:00,119.0
2026-06-28,14,120.0,120.0,2026-06-28 06:30:00,2026-06-28 07:00:00,120.0
2026-06-28,15,120.0,120.0,2026-06-28 07:00:00,2026-06-28 07:30:00,120.0
2026-06-28,16,118.25,118.25,2026-06-28 07:30:00,2026-06-28 08:00:00,118.25
2026-06-28,17,29.03,29.03,2026-06-28 08:00:00,2026-06-28 08:30:00,29.03
2026-06-28,18,28.69,28.69,2026-06-28 08:30:00,2026-06-28 09:00:00,28.69
2026-06-28,19,-2.29,-2.29,2026-06-28 09:00:00,2026-06-28 09:30:00,-2.29
2026-06-28,20,-10.0,-10.0,2026-06-28 09:30:00,2026-06-28 10:00:00,-10.0
2026-06-28,21,-15.16,-15.16,2026-06-28 10:00:00,2026-06-28 10:30:00,-15.16
2026-06-28,22,-25.117338870115592,-25.117338870115592,2026-06-28 10:30:00,2026-06-28 11:00:00,-25.117338870115592
2026-06-28,23,-36.65,-36.65,2026-06-28 11:00:00,2026-06-28 11:30:00,-36.65
2026-06-28,24,-44.99,-44.99,2026-06-28 11:30:00,2026-06-28 12:00:00,-44.99
2026-06-28,25,-39.65,-39.65,2026-06-28 12:00:00,2026-06-28 12:30:00,-39.65
2026-06-28,26,-46.82,-46.82,2026-06-28 12:30:00,2026-06-28 13:00:00,-46.82
2026-06-28,27,-70.0,-70.0,2026-06-28 13:00:00,2026-06-28 13:30:00,-70.0
2026-06-28,28,-80.19,-80.19,2026-06-28 13:30:00,2026-06-28 14:00:00,-80.19
2026-06-28,29,-85.66,-85.66,2026-06-28 14:00:00,2026-06-28 14:30:00,-85.66
2026-06-28,30,-85.66,-85.66,2026-06-28 14:30:00,2026-06-28 15:00:00,-85.66
2026-06-28,31,-72.02,-72.02,2026-06-28 15:00:00,2026-06-28 15:30:00,-72.02
2026-06-28,32,-36.65,-36.65,2026-06-28 15:30:00,2026-06-28 16:00:00,-36.65
2026-06-28,33,-29.41,-29.41,2026-06-28 16:00:00,2026-06-28 16:30:00,-29.41
2026-06-28,34,-13.92,-13.92,2026-06-28 16:30:00,2026-06-28 17:00:00,-13.92
2026-06-28,35,74.52,74.52,2026-06-28 17:00:00,2026-06-28 17:30:00,74.52
2026-06-28,36,115.95,115.95,2026-06-28 17:30:00,2026-06-28 18:00:00,115.95
2026-06-28,37,125.0,125.0,2026-06-28 18:00:00,2026-06-28 18:30:00,125.0
2026-06-28,38,132.3,132.3,2026-06-28 18:30:00,2026-06-28 19:00:00,132.3
2026-06-28,39,66.8,66.8,2026-06-28 19:00:00,2026-06-28 19:30:00,66.8
2026-06-28,40,93.33034717245438,93.33034717245438,2026-06-28 19:30:00,2026-06-28 20:00:00,93.33034717245438
2026-06-28,41,141.25,141.25,2026-06-28 20:00:00,2026-06-28 20:30:00,141.25
2026-06-28,42,152.5,152.5,2026-06-28 20:30:00,2026-06-28 21:00:00,152.5
2026-06-28,43,140.36,140.36,2026-06-28 21:00:00,2026-06-28 21:30:00,140.36
2026-06-28,44,105.02,105.02,2026-06-28 21:30:00,2026-06-28 22:00:00,105.02
2026-06-28,45,105.03,105.03,2026-06-28 22:00:00,2026-06-28 22:30:00,105.03
2026-06-28,46,132.57,132.57,2026-06-28 22:30:00,2026-06-28 23:00:00,132.57
2026-06-28,47,80.0,80.0,2026-06-28 23:00:00,2026-06-28 23:30:00,80.0
2026-06-28,48,85.03,85.03,2026-06-28 23:30:00,2026-06-29 00:00:00,85.03
