settlement_date,settlement_period,from_uk_naive,forecast_gco2_per_kwh,actual_gco2_per_kwh,index,price_gbp_per_mwh
2026-06-22,1,2026-06-22 00:00:00,193,189,high,111.19
2026-06-22,2,2026-06-22 00:30:00,188,187,high,108.63
2026-06-22,3,2026-06-22 01:00:00,196,182,high,104.94
2026-06-22,4,2026-06-22 01:30:00,190,179,high,100.83
2026-06-22,5,2026-06-22 02:00:00,189,179,high,81.33
2026-06-22,6,2026-06-22 02:30:00,187,176,high,81.33
2026-06-22,7,2026-06-22 03:00:00,184,171,high,81.33
2026-06-22,8,2026-06-22 03:30:00,184,170,high,81.33
2026-06-22,9,2026-06-22 04:00:00,175,173,high,81.34
2026-06-22,10,2026-06-22 04:30:00,175,175,high,81.34
2026-06-22,11,2026-06-22 05:00:00,177,175,high,81.34
2026-06-22,12,2026-06-22 05:30:00,176,181,high,81.34
2026-06-22,13,2026-06-22 06:00:00,176,178,high,81.36
2026-06-22,14,2026-06-22 06:30:00,178,155,moderate,81.36
2026-06-22,15,2026-06-22 07:00:00,167,147,moderate,81.36
2026-06-22,16,2026-06-22 07:30:00,152,136,moderate,81.34
2026-06-22,17,2026-06-22 08:00:00,135,122,moderate,81.31
2026-06-22,18,2026-06-22 08:30:00,128,108,moderate,81.04
2026-06-22,19,2026-06-22 09:00:00,121,100,moderate,81.01
2026-06-22,20,2026-06-22 09:30:00,103,96,moderate,74.8
2026-06-22,21,2026-06-22 10:00:00,94,91,moderate,73.11
2026-06-22,22,2026-06-22 10:30:00,82,90,moderate,74.8
2026-06-22,23,2026-06-22 11:00:00,87,86,low,78.0
2026-06-22,24,2026-06-22 11:30:00,86,84,low,64.3
2026-06-22,25,2026-06-22 12:00:00,84,85,low,60.0
2026-06-22,26,2026-06-22 12:30:00,82,84,low,60.0
2026-06-22,27,2026-06-22 13:00:00,90,85,low,55.0
2026-06-22,28,2026-06-22 13:30:00,82,90,moderate,40.0
2026-06-22,29,2026-06-22 14:00:00,84,91,moderate,69.3
2026-06-22,30,2026-06-22 14:30:00,87,99,moderate,10.0
2026-06-22,31,2026-06-22 15:00:00,89,113,moderate,109.0
2026-06-22,32,2026-06-22 15:30:00,95,127,moderate,81.05
2026-06-22,33,2026-06-22 16:00:00,117,140,moderate,172.0
2026-06-22,34,2026-06-22 16:30:00,131,157,moderate,172.0
2026-06-22,35,2026-06-22 17:00:00,147,167,moderate,173.0
2026-06-22,36,2026-06-22 17:30:00,157,175,high,174.0
2026-06-22,37,2026-06-22 18:00:00,172,183,high,174.0
2026-06-22,38,2026-06-22 18:30:00,181,193,high,173.0
2026-06-22,39,2026-06-22 19:00:00,192,200,high,184.44
2026-06-22,40,2026-06-22 19:30:00,193,206,high,173.0
2026-06-22,41,2026-06-22 20:00:00,204,211,high,174.0
2026-06-22,42,2026-06-22 20:30:00,204,213,high,114.7
2026-06-22,43,2026-06-22 21:00:00,217,214,high,112.38582817678706
2026-06-22,44,2026-06-22 21:30:00,214,220,high,174.0
2026-06-22,45,2026-06-22 22:00:00,220,210,high,105.0
2026-06-22,46,2026-06-22 22:30:00,214,208,high,90.0
2026-06-22,47,2026-06-22 23:00:00,207,204,high,147.0
2026-06-22,48,2026-06-22 23:30:00,207,204,high,84.0
2026-06-23,1,2026-06-23 00:00:00,202,201,high,82.05
2026-06-23,2,2026-06-23 00:30:00,197,195,high,81.65
2026-06-23,3,2026-06-23 01:00:00,203,198,high,81.65
2026-06-23,4,2026-06-23 01:30:00,199,204,high,84.0
2026-06-23,5,2026-06-23 02:00:00,206,210,high,124.96634235410296
2026-06-23,6,2026-06-23 02:30:00,206,217,high,124.59
2026-06-23,7,2026-06-23 03:00:00,212,218,high,125.0
2026-06-23,8,2026-06-23 03:30:00,218,218,high,101.88
2026-06-23,9,2026-06-23 04:00:00,221,217,high,107.3
2026-06-23,10,2026-06-23 04:30:00,218,223,high,88.7
2026-06-23,11,2026-06-23 05:00:00,219,222,high,91.81677115324592
2026-06-23,12,2026-06-23 05:30:00,227,214,high,98.03551704342976
2026-06-23,13,2026-06-23 06:00:00,225,207,high,95.0122285253769
2026-06-23,14,2026-06-23 06:30:00,215,195,high,101.7
2026-06-23,15,2026-06-23 07:00:00,202,192,high,82.05
2026-06-23,16,2026-06-23 07:30:00,192,175,high,82.05
2026-06-23,17,2026-06-23 08:00:00,181,164,moderate,147.1537912715167
2026-06-23,18,2026-06-23 08:30:00,169,150,moderate,116.06
2026-06-23,19,2026-06-23 09:00:00,157,136,moderate,81.65
2026-06-23,20,2026-06-23 09:30:00,142,135,moderate,81.04
2026-06-23,21,2026-06-23 10:00:00,128,130,moderate,78.68
2026-06-23,22,2026-06-23 10:30:00,127,128,moderate,80.76
2026-06-23,23,2026-06-23 11:00:00,128,122,moderate,106.94
2026-06-23,24,2026-06-23 11:30:00,122,111,moderate,80.22
2026-06-23,25,2026-06-23 12:00:00,121,107,moderate,81.03
2026-06-23,26,2026-06-23 12:30:00,108,115,moderate,81.01
2026-06-23,27,2026-06-23 13:00:00,107,115,moderate,81.04
2026-06-23,28,2026-06-23 13:30:00,111,118,moderate,82.11
2026-06-23,29,2026-06-23 14:00:00,113,118,moderate,95.51
2026-06-23,30,2026-06-23 14:30:00,111,125,moderate,81.06
2026-06-23,31,2026-06-23 15:00:00,109,127,moderate,81.06
2026-06-23,32,2026-06-23 15:30:00,111,140,moderate,78.56
2026-06-23,33,2026-06-23 16:00:00,115,153,moderate,180.0
2026-06-23,34,2026-06-23 16:30:00,118,161,moderate,159.0
2026-06-23,35,2026-06-23 17:00:00,129,171,high,223.93
2026-06-23,36,2026-06-23 17:30:00,173,185,high,224.38
2026-06-23,37,2026-06-23 18:00:00,176,198,high,454.5
2026-06-23,38,2026-06-23 18:30:00,191,210,high,470.87
2026-06-23,39,2026-06-23 19:00:00,198,216,high,720.9
2026-06-23,40,2026-06-23 19:30:00,205,218,high,770.05
2026-06-23,41,2026-06-23 20:00:00,209,218,high,789.0385562708333
2026-06-23,42,2026-06-23 20:30:00,215,224,high,800.0
2026-06-23,43,2026-06-23 21:00:00,221,225,high,550.0
2026-06-23,44,2026-06-23 21:30:00,222,226,high,528.04
2026-06-23,45,2026-06-23 22:00:00,225,223,high,329.08
2026-06-23,46,2026-06-23 22:30:00,224,224,high,226.68
2026-06-23,47,2026-06-23 23:00:00,225,225,high,190.0
2026-06-23,48,2026-06-23 23:30:00,227,220,high,200.0
2026-06-24,1,2026-06-24 00:00:00,228,220,high,95.91
2026-06-24,2,2026-06-24 00:30:00,227,221,high,154.81
2026-06-24,3,2026-06-24 01:00:00,222,221,high,125.88
2026-06-24,4,2026-06-24 01:30:00,227,219,high,129.32
2026-06-24,5,2026-06-24 02:00:00,224,221,high,133.17
2026-06-24,6,2026-06-24 02:30:00,220,220,high,86.89
2026-06-24,7,2026-06-24 03:00:00,224,224,high,155.08
2026-06-24,8,2026-06-24 03:30:00,229,231,very high,117.5
2026-06-24,9,2026-06-24 04:00:00,228,235,very high,157.58
2026-06-24,10,2026-06-24 04:30:00,237,242,very high,155.0
2026-06-24,11,2026-06-24 05:00:00,234,241,very high,128.82
2026-06-24,12,2026-06-24 05:30:00,239,229,high,102.4
2026-06-24,13,2026-06-24 06:00:00,246,222,high,87.93786218015394
2026-06-24,14,2026-06-24 06:30:00,236,204,high,81.33
2026-06-24,15,2026-06-24 07:00:00,214,200,high,70.0
2026-06-24,16,2026-06-24 07:30:00,204,193,high,81.33
2026-06-24,17,2026-06-24 08:00:00,190,184,high,89.36
2026-06-24,18,2026-06-24 08:30:00,190,175,high,81.33
2026-06-24,19,2026-06-24 09:00:00,179,163,moderate,91.10290374463892
2026-06-24,20,2026-06-24 09:30:00,174,145,moderate,81.33
2026-06-24,21,2026-06-24 10:00:00,161,135,moderate,78.0
2026-06-24,22,2026-06-24 10:30:00,138,134,moderate,77.0
2026-06-24,23,2026-06-24 11:00:00,130,130,moderate,78.0
2026-06-24,24,2026-06-24 11:30:00,127,130,moderate,77.0
2026-06-24,25,2026-06-24 12:00:00,128,131,moderate,107.0
2026-06-24,26,2026-06-24 12:30:00,128,136,moderate,79.1
2026-06-24,27,2026-06-24 13:00:00,128,134,moderate,69.9896
2026-06-24,28,2026-06-24 13:30:00,124,136,moderate,65.45025641025642
2026-06-24,29,2026-06-24 14:00:00,130,141,moderate,72.0
2026-06-24,30,2026-06-24 14:30:00,125,150,moderate,74.13
2026-06-24,31,2026-06-24 15:00:00,137,152,moderate,101.45
2026-06-24,32,2026-06-24 15:30:00,134,151,moderate,84.8
2026-06-24,33,2026-06-24 16:00:00,150,161,moderate,1.0
2026-06-24,34,2026-06-24 16:30:00,156,170,high,10.0
2026-06-24,35,2026-06-24 17:00:00,168,172,high,81.5
2026-06-24,36,2026-06-24 17:30:00,169,189,high,81.55
2026-06-24,37,2026-06-24 18:00:00,181,201,high,101.07
2026-06-24,38,2026-06-24 18:30:00,193,210,high,317.0
2026-06-24,39,2026-06-24 19:00:00,207,213,high,129.45530365930233
2026-06-24,40,2026-06-24 19:30:00,216,217,high,132.32
2026-06-24,41,2026-06-24 20:00:00,223,223,high,125.0
2026-06-24,42,2026-06-24 20:30:00,227,229,high,121.56
2026-06-24,43,2026-06-24 21:00:00,236,230,very high,111.0
2026-06-24,44,2026-06-24 21:30:00,238,220,high,104.5
2026-06-24,45,2026-06-24 22:00:00,240,225,high,253.65
2026-06-24,46,2026-06-24 22:30:00,236,232,very high,101.07
2026-06-24,47,2026-06-24 23:00:00,228,233,very high,169.86
2026-06-24,48,2026-06-24 23:30:00,240,228,high,163.89
2026-06-25,1,2026-06-25 00:00:00,241,231,very high,180.0
2026-06-25,2,2026-06-25 00:30:00,238,230,very high,93.43452167191464
2026-06-25,3,2026-06-25 01:00:00,236,227,high,93.51551338376682
2026-06-25,4,2026-06-25 01:30:00,236,228,high,91.4
2026-06-25,5,2026-06-25 02:00:00,232,226,high,136.98
2026-06-25,6,2026-06-25 02:30:00,233,233,very high,81.61
2026-06-25,7,2026-06-25 03:00:00,231,235,very high,81.61
2026-06-25,8,2026-06-25 03:30:00,228,242,very high,81.61
2026-06-25,9,2026-06-25 04:00:00,238,239,very high,138.85
2026-06-25,10,2026-06-25 04:30:00,243,243,very high,95.09
2026-06-25,11,2026-06-25 05:00:00,239,240,very high,129.98
2026-06-25,12,2026-06-25 05:30:00,241,229,high,131.95
2026-06-25,13,2026-06-25 06:00:00,239,220,high,135.8
2026-06-25,14,2026-06-25 06:30:00,221,207,high,93.13
2026-06-25,15,2026-06-25 07:00:00,216,200,high,81.61
2026-06-25,16,2026-06-25 07:30:00,205,184,high,89.25
2026-06-25,17,2026-06-25 08:00:00,189,169,moderate,87.2
2026-06-25,18,2026-06-25 08:30:00,182,148,moderate,124.5
2026-06-25,19,2026-06-25 09:00:00,158,131,moderate,81.61
2026-06-25,20,2026-06-25 09:30:00,140,117,moderate,81.61
2026-06-25,21,2026-06-25 10:00:00,135,112,moderate,109.89
2026-06-25,22,2026-06-25 10:30:00,122,108,moderate,112.3
2026-06-25,23,2026-06-25 11:00:00,104,104,moderate,112.0
2026-06-25,24,2026-06-25 11:30:00,101,100,moderate,115.4
2026-06-25,25,2026-06-25 12:00:00,103,100,moderate,112.0
2026-06-25,26,2026-06-25 12:30:00,105,97,moderate,133.31
2026-06-25,27,2026-06-25 13:00:00,100,93,moderate,75.0
2026-06-25,28,2026-06-25 13:30:00,93,94,moderate,112.44
2026-06-25,29,2026-06-25 14:00:00,100,93,moderate,112.0
2026-06-25,30,2026-06-25 14:30:00,93,95,moderate,75.0
2026-06-25,31,2026-06-25 15:00:00,92,101,moderate,76.0
2026-06-25,32,2026-06-25 15:30:00,93,111,moderate,79.1
2026-06-25,33,2026-06-25 16:00:00,95,124,moderate,81.03
2026-06-25,34,2026-06-25 16:30:00,117,138,moderate,103.2
2026-06-25,35,2026-06-25 17:00:00,132,142,moderate,79.2
2026-06-25,36,2026-06-25 17:30:00,143,146,moderate,79.2
2026-06-25,37,2026-06-25 18:00:00,146,159,moderate,90.08
2026-06-25,38,2026-06-25 18:30:00,152,164,moderate,90.54
2026-06-25,39,2026-06-25 19:00:00,160,169,moderate,148.93
2026-06-25,40,2026-06-25 19:30:00,163,166,moderate,93.45
2026-06-25,41,2026-06-25 20:00:00,163,170,high,96.54
2026-06-25,42,2026-06-25 20:30:00,168,166,moderate,77.4
2026-06-25,43,2026-06-25 21:00:00,163,172,high,164.87
2026-06-25,44,2026-06-25 21:30:00,154,174,high,165.9
2026-06-25,45,2026-06-25 22:00:00,170,175,high,77.1
2026-06-25,46,2026-06-25 22:30:00,170,178,high,129.15
2026-06-25,47,2026-06-25 23:00:00,170,178,high,120.23
2026-06-25,48,2026-06-25 23:30:00,174,182,high,119.9
2026-06-26,1,2026-06-26 00:00:00,171,183,high,119.62
2026-06-26,2,2026-06-26 00:30:00,173,185,high,126.97
2026-06-26,3,2026-06-26 01:00:00,186,187,high,134.0
2026-06-26,4,2026-06-26 01:30:00,184,193,high,132.5
2026-06-26,5,2026-06-26 02:00:00,189,195,high,104.58
2026-06-26,6,2026-06-26 02:30:00,189,201,high,128.68
2026-06-26,7,2026-06-26 03:00:00,191,206,high,128.0
2026-06-26,8,2026-06-26 03:30:00,208,210,high,139.8
2026-06-26,9,2026-06-26 04:00:00,209,220,high,143.0
2026-06-26,10,2026-06-26 04:30:00,219,207,high,143.0
2026-06-26,11,2026-06-26 05:00:00,226,217,high,84.01
2026-06-26,12,2026-06-26 05:30:00,234,201,high,81.65
2026-06-26,13,2026-06-26 06:00:00,225,197,high,77.46
2026-06-26,14,2026-06-26 06:30:00,202,191,high,95.0
2026-06-26,15,2026-06-26 07:00:00,190,181,high,77.0
2026-06-26,16,2026-06-26 07:30:00,191,167,moderate,77.2
2026-06-26,17,2026-06-26 08:00:00,178,156,moderate,77.0
2026-06-26,18,2026-06-26 08:30:00,168,141,moderate,75.0
2026-06-26,19,2026-06-26 09:00:00,153,130,moderate,77.2
2026-06-26,20,2026-06-26 09:30:00,137,130,moderate,69.38
2026-06-26,21,2026-06-26 10:00:00,126,127,moderate,68.0
2026-06-26,22,2026-06-26 10:30:00,117,133,moderate,77.2
2026-06-26,23,2026-06-26 11:00:00,123,135,moderate,104.0
2026-06-26,24,2026-06-26 11:30:00,122,133,moderate,110.0
2026-06-26,25,2026-06-26 12:00:00,135,132,moderate,104.0
2026-06-26,26,2026-06-26 12:30:00,131,129,moderate,114.0
2026-06-26,27,2026-06-26 13:00:00,126,125,moderate,114.0
2026-06-26,28,2026-06-26 13:30:00,119,116,moderate,114.0
2026-06-26,29,2026-06-26 14:00:00,125,111,moderate,103.9
2026-06-26,30,2026-06-26 14:30:00,122,118,moderate,65.49085404928842
2026-06-26,31,2026-06-26 15:00:00,107,117,moderate,165.0
2026-06-26,32,2026-06-26 15:30:00,119,132,moderate,165.0
2026-06-26,33,2026-06-26 16:00:00,122,144,moderate,165.0
2026-06-26,34,2026-06-26 16:30:00,136,145,moderate,165.0
2026-06-26,35,2026-06-26 17:00:00,147,153,moderate,125.41
2026-06-26,36,2026-06-26 17:30:00,156,169,moderate,125.41
2026-06-26,37,2026-06-26 18:00:00,164,176,high,155.13
2026-06-26,38,2026-06-26 18:30:00,173,185,high,158.24
2026-06-26,39,2026-06-26 19:00:00,186,190,high,185.35
2026-06-26,40,2026-06-26 19:30:00,190,195,high,193.42
2026-06-26,41,2026-06-26 20:00:00,197,196,high,175.06
2026-06-26,42,2026-06-26 20:30:00,199,194,high,167.7
2026-06-26,43,2026-06-26 21:00:00,205,195,high,87.91
2026-06-26,44,2026-06-26 21:30:00,195,200,high,79.69
2026-06-26,45,2026-06-26 22:00:00,195,196,high,77.65
2026-06-26,46,2026-06-26 22:30:00,196,204,high,78.67357027590093
2026-06-26,47,2026-06-26 23:00:00,194,208,high,76.0
2026-06-26,48,2026-06-26 23:30:00,189,206,high,122.13
2026-06-27,1,2026-06-27 00:00:00,179,201,high,84.98
2026-06-27,2,2026-06-27 00:30:00,176,200,high,78.35
2026-06-27,3,2026-06-27 01:00:00,176,205,high,102.5
2026-06-27,4,2026-06-27 01:30:00,176,209,high,98.6
2026-06-27,5,2026-06-27 02:00:00,177,215,high,101.28
2026-06-27,6,2026-06-27 02:30:00,206,216,high,100.52
2026-06-27,7,2026-06-27 03:00:00,217,220,high,76.46254301822097
2026-06-27,8,2026-06-27 03:30:00,217,220,high,70.83
2026-06-27,9,2026-06-27 04:00:00,218,224,high,97.77
2026-06-27,10,2026-06-27 04:30:00,215,227,high,98.77
2026-06-27,11,2026-06-27 05:00:00,211,226,high,94.3
2026-06-27,12,2026-06-27 05:30:00,207,217,high,129.0
2026-06-27,13,2026-06-27 06:00:00,202,201,high,132.0
2026-06-27,14,2026-06-27 06:30:00,197,147,moderate,132.0
2026-06-27,15,2026-06-27 07:00:00,191,131,moderate,119.0
2026-06-27,16,2026-06-27 07:30:00,182,103,moderate,119.0
2026-06-27,17,2026-06-27 08:00:00,116,98,moderate,24.18277304297439
2026-06-27,18,2026-06-27 08:30:00,95,96,moderate,1.6507693370195953
2026-06-27,19,2026-06-27 09:00:00,89,79,low,119.0
2026-06-27,20,2026-06-27 09:30:00,83,75,low,13.71
2026-06-27,21,2026-06-27 10:00:00,73,68,low,4.53
2026-06-27,22,2026-06-27 10:30:00,69,62,low,47.65
2026-06-27,23,2026-06-27 11:00:00,68,57,low,4.990757079283612
2026-06-27,24,2026-06-27 11:30:00,54,55,low,5.9
2026-06-27,25,2026-06-27 12:00:00,49,53,low,26.66
2026-06-27,26,2026-06-27 12:30:00,49,52,low,24.12
2026-06-27,27,2026-06-27 13:00:00,47,50,low,-1.0329823808858247
2026-06-27,28,2026-06-27 13:30:00,36,50,low,0.0
2026-06-27,29,2026-06-27 14:00:00,54,52,low,19.4748082580762
2026-06-27,30,2026-06-27 14:30:00,63,61,low,48.5
2026-06-27,31,2026-06-27 15:00:00,46,70,low,59.75
2026-06-27,32,2026-06-27 15:30:00,49,85,low,115.7
2026-06-27,33,2026-06-27 16:00:00,58,100,moderate,118.0
2026-06-27,34,2026-06-27 16:30:00,64,122,moderate,108.08
2026-06-27,35,2026-06-27 17:00:00,98,138,moderate,120.51
2026-06-27,36,2026-06-27 17:30:00,108,137,moderate,118.36
2026-06-27,37,2026-06-27 18:00:00,138,148,moderate,81.01
2026-06-27,38,2026-06-27 18:30:00,143,157,moderate,138.0
2026-06-27,39,2026-06-27 19:00:00,147,163,moderate,107.35
2026-06-27,40,2026-06-27 19:30:00,151,172,high,129.0
2026-06-27,41,2026-06-27 20:00:00,168,179,high,140.0
2026-06-27,42,2026-06-27 20:30:00,173,180,high,137.53
2026-06-27,43,2026-06-27 21:00:00,175,182,high,121.0
2026-06-27,44,2026-06-27 21:30:00,175,182,high,90.0
2026-06-27,45,2026-06-27 22:00:00,174,176,high,70.56813344875876
2026-06-27,46,2026-06-27 22:30:00,173,169,moderate,48.5
2026-06-27,47,2026-06-27 23:00:00,166,159,moderate,48.5
2026-06-27,48,2026-06-27 23:30:00,158,148,moderate,77.7
2026-06-28,1,2026-06-28 00:00:00,158,144,moderate,77.7
2026-06-28,2,2026-06-28 00:30:00,157,142,moderate,77.7
2026-06-28,3,2026-06-28 01:00:00,138,142,moderate,115.6303788327904
2026-06-28,4,2026-06-28 01:30:00,134,137,moderate,120.0
2026-06-28,5,2026-06-28 02:00:00,143,130,moderate,117.7
2026-06-28,6,2026-06-28 02:30:00,136,114,moderate,62.05
2026-06-28,7,2026-06-28 03:00:00,126,115,moderate,120.0
2026-06-28,8,2026-06-28 03:30:00,115,110,moderate,122.9
2026-06-28,9,2026-06-28 04:00:00,117,113,moderate,122.9
2026-06-28,10,2026-06-28 04:30:00,110,109,moderate,122.9
2026-06-28,11,2026-06-28 05:00:00,107,104,moderate,120.0
2026-06-28,12,2026-06-28 05:30:00,106,84,low,119.89
2026-06-28,13,2026-06-28 06:00:00,108,79,low,119.0
2026-06-28,14,2026-06-28 06:30:00,84,75,low,120.0
2026-06-28,15,2026-06-28 07:00:00,73,77,low,120.0
2026-06-28,16,2026-06-28 07:30:00,73,78,low,118.25
2026-06-28,17,2026-06-28 08:00:00,70,76,low,29.03
2026-06-28,18,2026-06-28 08:30:00,73,75,low,28.69
2026-06-28,19,2026-06-28 09:00:00,69,69,low,-2.29
2026-06-28,20,2026-06-28 09:30:00,65,60,low,-10.0
2026-06-28,21,2026-06-28 10:00:00,60,56,low,-15.16
2026-06-28,22,2026-06-28 10:30:00,56,51,low,-25.117338870115592
2026-06-28,23,2026-06-28 11:00:00,51,50,low,-36.65
2026-06-28,24,2026-06-28 11:30:00,45,46,low,-44.99
2026-06-28,25,2026-06-28 12:00:00,45,43,low,-39.65
2026-06-28,26,2026-06-28 12:30:00,40,41,low,-46.82
2026-06-28,27,2026-06-28 13:00:00,40,43,low,-70.0
2026-06-28,28,2026-06-28 13:30:00,40,45,low,-80.19
2026-06-28,29,2026-06-28 14:00:00,39,45,low,-85.66
2026-06-28,30,2026-06-28 14:30:00,40,51,low,-85.66
2026-06-28,31,2026-06-28 15:00:00,43,56,low,-72.02
2026-06-28,32,2026-06-28 15:30:00,45,69,low,-36.65
2026-06-28,33,2026-06-28 16:00:00,54,86,low,-29.41
2026-06-28,34,2026-06-28 16:30:00,62,96,moderate,-13.92
2026-06-28,35,2026-06-28 17:00:00,81,112,moderate,74.52
2026-06-28,36,2026-06-28 17:30:00,90,131,moderate,115.95
2026-06-28,37,2026-06-28 18:00:00,114,143,moderate,125.0
2026-06-28,38,2026-06-28 18:30:00,122,148,moderate,132.3
2026-06-28,39,2026-06-28 19:00:00,144,156,moderate,66.8
2026-06-28,40,2026-06-28 19:30:00,158,159,moderate,93.33034717245438
2026-06-28,41,2026-06-28 20:00:00,159,165,moderate,141.25
2026-06-28,42,2026-06-28 20:30:00,170,170,high,152.5
2026-06-28,43,2026-06-28 21:00:00,171,173,high,140.36
2026-06-28,44,2026-06-28 21:30:00,167,174,high,105.02
2026-06-28,45,2026-06-28 22:00:00,171,176,high,105.03
2026-06-28,46,2026-06-28 22:30:00,173,167,moderate,132.57
2026-06-28,47,2026-06-28 23:00:00,176,159,moderate,80.0
2026-06-28,48,2026-06-28 23:30:00,165,156,moderate,85.03
